{"cameraMode":{"drawMode":0,"name":"Shaded","section":"Shading Mode"},"sceneLighting":true,"audioPlay":false,"sceneViewState":{"showFog":true,"showMaterialUpdate":true,"showSkybox":true,"showFlares":true,"showImageEffects":true,"showParticleSystems":true},"in2DMode":false,"pivot":{"x":49.19977951049805,"y":-13.412837982177735,"z":-14.335613250732422},"rotation":{"x":0.25925734639167788,"y":0.3392753005027771,"z":-0.09802059084177017,"w":0.8990734219551086},"size":26.128143310546876,"orthographic":false}