{"cameraMode":{"drawMode":0,"name":"Shaded","section":"Shading Mode"},"sceneLighting":true,"audioPlay":false,"sceneViewState":{"showFog":true,"showMaterialUpdate":true,"showSkybox":true,"showFlares":true,"showImageEffects":true,"showParticleSystems":true},"in2DMode":false,"pivot":{"x":7.241514205932617,"y":1.843456745147705,"z":-24.477550506591798},"rotation":{"x":0.16900019347667695,"y":0.7218268513679504,"z":-0.1896551549434662,"w":0.6439668536186218},"size":0.29934173822402956,"orthographic":false}