{"cameraMode":{"drawMode":0,"name":"Shaded","section":"Shading Mode"},"sceneLighting":true,"audioPlay":false,"sceneViewState":{"showFog":true,"showMaterialUpdate":true,"showSkybox":true,"showFlares":true,"showImageEffects":true,"showParticleSystems":true},"in2DMode":false,"pivot":{"x":46.22669982910156,"y":-6.0389533042907719,"z":-28.366382598876954},"rotation":{"x":0.16379906237125398,"y":0.6760105490684509,"z":-0.15833687782287599,"w":0.7009550929069519},"size":17.681447982788087,"orthographic":false}