{"cameraMode":{"drawMode":0,"name":"Shaded","section":"Shading Mode"},"sceneLighting":true,"audioPlay":false,"sceneViewState":{"showFog":true,"showMaterialUpdate":true,"showSkybox":true,"showFlares":true,"showImageEffects":true,"showParticleSystems":true},"in2DMode":false,"pivot":{"x":18.3912353515625,"y":-2.8408632278442385,"z":6.356790542602539},"rotation":{"x":-0.06334245204925537,"y":-0.20686890184879304,"z":0.013529586605727673,"w":-0.9763631224632263},"size":34.025638580322269,"orthographic":false}