{"cameraMode":{"drawMode":0,"name":"Shaded","section":"Shading Mode"},"sceneLighting":true,"audioPlay":false,"sceneViewState":{"showFog":true,"showMaterialUpdate":true,"showSkybox":true,"showFlares":true,"showImageEffects":true,"showParticleSystems":true},"in2DMode":false,"pivot":{"x":-16.044078826904298,"y":-1.8265514373779297,"z":2.2730178833007814},"rotation":{"x":-0.04714571312069893,"y":0.3234107494354248,"z":-0.016022570431232454,"w":-0.9450933337211609},"size":34.025638580322269,"orthographic":false}