{"cameraMode":{"drawMode":0,"name":"Shaded","section":"Shading Mode"},"sceneLighting":true,"audioPlay":false,"sceneViewState":{"showFog":true,"showMaterialUpdate":true,"showSkybox":true,"showFlares":true,"showImageEffects":true,"showParticleSystems":true},"in2DMode":false,"pivot":{"x":8.11324691772461,"y":1.4973585605621338,"z":-24.152738571166993},"rotation":{"x":-0.0671548843383789,"y":-0.740810751914978,"z":0.0749635100364685,"w":-0.6642429828643799},"size":2.5955936908721926,"orthographic":false}