{"cameraMode":{"drawMode":0,"name":"Shaded","section":"Shading Mode"},"sceneLighting":true,"audioPlay":false,"sceneViewState":{"showFog":true,"showMaterialUpdate":true,"showSkybox":true,"showFlares":true,"showImageEffects":true,"showParticleSystems":true},"in2DMode":false,"pivot":{"x":7.313935279846191,"y":1.3054250478744507,"z":-23.61351203918457},"rotation":{"x":-0.08197950571775437,"y":-0.8878940343856812,"z":0.17429381608963014,"w":-0.4179646372795105},"size":2.5955936908721926,"orthographic":false}