{"cameraMode":{"drawMode":0,"name":"Shaded","section":"Shading Mode"},"sceneLighting":true,"audioPlay":false,"sceneViewState":{"showFog":true,"showMaterialUpdate":true,"showSkybox":true,"showFlares":true,"showImageEffects":true,"showParticleSystems":true},"in2DMode":false,"pivot":{"x":31.706016540527345,"y":3.6851210594177248,"z":-32.02881622314453},"rotation":{"x":0.24941076338291169,"y":0.627350389957428,"z":-0.222574844956398,"w":0.7034859657287598},"size":1.722044587135315,"orthographic":false}