{"cameraMode":{"drawMode":0,"name":"Shaded","section":"Shading Mode"},"sceneLighting":false,"audioPlay":false,"sceneViewState":{"showFog":true,"showMaterialUpdate":true,"showSkybox":false,"showFlares":true,"showImageEffects":true,"showParticleSystems":true},"in2DMode":false,"pivot":{"x":-0.11506917327642441,"y":0.12433429807424545,"z":-1.9492743015289307},"rotation":{"x":0.008837634697556496,"y":-0.9526250958442688,"z":0.3028521239757538,"w":0.027740344405174257},"size":4.674992084503174,"orthographic":false}