{"cameraMode":{"drawMode":0,"name":"Shaded","section":"Shading Mode"},"sceneLighting":false,"audioPlay":false,"sceneViewState":{"showFog":true,"showMaterialUpdate":true,"showSkybox":false,"showFlares":true,"showImageEffects":true,"showParticleSystems":true},"in2DMode":false,"pivot":{"x":-0.3716772198677063,"y":0.21476125717163087,"z":0.7140722274780273},"rotation":{"x":-0.225184366106987,"y":0.09830140322446823,"z":-0.02282889559864998,"w":-0.9691093564033508},"size":3.098947048187256,"orthographic":false}