{"cameraMode":{"drawMode":0,"name":"Shaded","section":"Shading Mode"},"sceneLighting":true,"audioPlay":false,"sceneViewState":{"showFog":true,"showMaterialUpdate":true,"showSkybox":true,"showFlares":true,"showImageEffects":true,"showParticleSystems":true},"in2DMode":false,"pivot":{"x":29.499073028564454,"y":-4.153410911560059,"z":-1.8877792358398438},"rotation":{"x":-0.07699821144342423,"y":-0.4025302827358246,"z":0.034120071679353717,"w":-0.911674976348877},"size":34.025638580322269,"orthographic":false}