{"cameraMode":{"drawMode":0,"name":"Shaded","section":"Shading Mode"},"sceneLighting":true,"audioPlay":false,"sceneViewState":{"showFog":true,"showMaterialUpdate":true,"showSkybox":true,"showFlares":true,"showImageEffects":true,"showParticleSystems":true},"in2DMode":false,"pivot":{"x":5.943926811218262,"y":1.939198613166809,"z":-24.09518051147461},"rotation":{"x":0.1280287504196167,"y":0.7558751106262207,"z":-0.15552926063537599,"w":0.6231575012207031},"size":0.29934173822402956,"orthographic":false}